메인 직무 분류,상세 직무 분류
개발,서버 개발자
개발,소프트웨어 엔지니어
개발,자바 개발자
개발,프론트엔드 개발자
개발,웹 개발자
개발,파이썬 개발자
개발,"C,C++ 개발자"
개발,머신러닝 엔지니어
개발,데이터 엔지니어
개발,DevOps / 시스템 관리자
개발,"시스템,네트워크 관리자"
개발,안드로이드 개발자
개발,Node.js 개발자
개발,"QA,테스트 엔지니어"
개발,개발 매니저
개발,데이터 사이언티스트
개발,하드웨어 엔지니어
개발,임베디드 개발자
개발,기술지원
개발,빅데이터 엔지니어
개발,프로덕트 매니저
개발,iOS 개발자
개발,.NET 개발자
개발,크로스플랫폼 앱 개발자
개발,블록체인 플랫폼 엔지니어
개발,"영상,음성 엔지니어"
개발,웹 퍼블리셔
개발,DBA
개발,PHP 개발자
개발,ERP전문가
개발,그래픽스 엔지니어
개발,"CTO,Chief Technology Officer"
개발,VR 엔지니어
개발,BI 엔지니어
개발,RPA 엔지니어
개발,테크니컬 라이터
개발,"CIO,Chief Information Officer"
개발,루비온레일즈 개발자
마케팅·광고,마케터
마케팅·광고,디지털 마케터
마케팅·광고,브랜드 마케터
마케팅·광고,콘텐츠 마케터
마케팅·광고,퍼포먼스 마케터
마케팅·광고,광고 기획자(AE)
마케팅·광고,마케팅 전략 기획자
마케팅·광고,글로벌 마케팅
마케팅·광고,소셜 마케터
마케팅·광고,마케팅 디렉터
마케팅·광고,카피라이터
마케팅·광고,PR 전문가
마케팅·광고,마켓 리서처
마케팅·광고,모바일마케팅
마케팅·광고,키워드광고
마케팅·광고,그로스 해커
마케팅·광고,BTL 마케터
마케팅·광고,CRM 마케터
마케팅·광고,제휴
마케팅·광고,ATL 마케터
마케팅·광고,"CMO,Chief Marketing Officer"
마케팅·광고,"CBO,Chief Brand Officer"
마케팅·광고,Sports 전문가
경영·비즈니스,사업개발·기획자
경영·비즈니스,서비스 기획자
경영·비즈니스,PM·PO
경영·비즈니스,운영 매니저
경영·비즈니스,전략 기획자
경영·비즈니스,데이터 분석가
경영·비즈니스,회계·경리
경영·비즈니스,경영지원
경영·비즈니스,해외 사업개발·기획자
경영·비즈니스,총무
경영·비즈니스,컨설턴트
경영·비즈니스,상품기획자(BM)
경영·비즈니스,구매담당
경영·비즈니스,자금담당
경영·비즈니스,오피스 관리
경영·비즈니스,사무보조
경영·비즈니스,리스크 관리 전문가
경영·비즈니스,지역 관리 매니저
경영·비즈니스,경영 혁신가
경영·비즈니스,"CFO,Chief Financial Officer"
경영·비즈니스,전시 기획자
경영·비즈니스,비서
경영·비즈니스,"COO,Chief Operation Officer"
경영·비즈니스,안내원
경영·비즈니스,조직관리
경영·비즈니스,"CSO,Chief Strategy Officer"
경영·비즈니스,지점장
경영·비즈니스,공연 기획자
경영·비즈니스,세미나/포럼 기획자
경영·비즈니스,"CEO,Chief Executive Officer"
경영·비즈니스,애자일코치
경영·비즈니스,사내 심리상담가
디자인,UX 디자이너
디자인,그래픽 디자이너
디자인,"UI,GUI 디자이너"
디자인,웹 디자이너
디자인,BI/BX 디자이너
디자인,제품 디자이너
디자인,모바일 디자이너
디자인,광고 디자이너
디자인,3D 디자이너
디자인,"영상,모션 디자이너"
디자인,패션 디자이너
디자인,패키지 디자이너
디자인,콘텐츠 디자이너
디자인,2D 디자이너
디자인,"출판, 편집 디자이너"
디자인,아트 디렉터
디자인,산업 디자이너
디자인,공간 디자이너
디자인,인테리어 디자이너
디자인,일러스트레이터
디자인,VMD
디자인,캐릭터 디자이너
디자인,전시 디자이너
디자인,UX 리서처
디자인,패브릭 디자이너
디자인,조경 디자이너
디자인,가구 디자이너
고객서비스·리테일,CS 매니저
고객서비스·리테일,MD
고객서비스·리테일,리테일 MD
고객서비스·리테일,서비스 운영
고객서비스·리테일,CS 어드바이저
고객서비스·리테일,패션 MD
고객서비스·리테일,CRM 전문가
고객서비스·리테일,인바운드 텔레마케터
고객서비스·리테일,여행 에이전트
고객서비스·리테일,매장 관리자
고객서비스·리테일,아웃바운드 텔레마케터
고객서비스·리테일,가맹점 관리자
고객서비스·리테일,리셉션
고객서비스·리테일,캐디
고객서비스·리테일,이벤트 기획자
고객서비스·리테일,매장점원
고객서비스·리테일,AS 기술자
고객서비스·리테일,플로리스트
고객서비스·리테일,헤어 디자이너
고객서비스·리테일,비주얼머천다이저
고객서비스·리테일,헬스케어매니저
고객서비스·리테일,승무원
고객서비스·리테일,피부관리사
고객서비스·리테일,미용사
영업,영업 관리자
영업,기업영업
영업,기술영업
영업,주요고객사 담당자
영업,외부영업
영업,해외영업
영업,솔루션 컨설턴트
영업,내부영업
영업,고객성공매니저
영업,미디어 세일즈
영업,세일즈 엔지니어
영업,의료기기 영업
영업,제약영업
엔지니어링·설계,기계 엔지니어
엔지니어링·설계,전자 엔지니어
엔지니어링·설계,로봇·자동화
엔지니어링·설계,전기기계 공학자
엔지니어링·설계,CAD·3D 설계자
엔지니어링·설계,제어 엔지니어
엔지니어링·설계,제품 엔지니어
엔지니어링·설계,전기 엔지니어
엔지니어링·설계,건설 엔지니어
엔지니어링·설계,QA 엔지니어
엔지니어링·설계,프로젝트 엔지니어
엔지니어링·설계,항공우주 공학자
엔지니어링·설계,장비 엔지니어
엔지니어링·설계,설비 엔지니어
엔지니어링·설계,자동차 공학자
엔지니어링·설계,공정 엔지니어
엔지니어링·설계,재료공학자
엔지니어링·설계,구조공학 엔지니어
엔지니어링·설계,화학공학 엔지니어
엔지니어링·설계,RF 엔지니어
엔지니어링·설계,도면 작성가
엔지니어링·설계,전자계전 엔지니어
엔지니어링·설계,인허가 담당 엔지니어
엔지니어링·설계,QC 엔지니어
엔지니어링·설계,환경 엔지니어
엔지니어링·설계,환경 안전기사
엔지니어링·설계,소방안전 기술자
엔지니어링·설계,지리정보시스템
엔지니어링·설계,지리학자
엔지니어링·설계,생물의학자
엔지니어링·설계,도면 담당자
엔지니어링·설계,시운전 엔지니어
엔지니어링·설계,산업 엔지니어
엔지니어링·설계,I&C 엔지니어
엔지니어링·설계,원자력·에너지
엔지니어링·설계,플랜트 엔지니어
엔지니어링·설계,사업수주 엔지니어
엔지니어링·설계,회전기계 엔지니어
엔지니어링·설계,농업 공학자
엔지니어링·설계,유전 공학자
엔지니어링·설계,보일러 엔지니어
엔지니어링·설계,세라믹 엔지니어
엔지니어링·설계,토목기사
엔지니어링·설계,시추 엔지니어
엔지니어링·설계,지질공학자
엔지니어링·설계,보건안전 엔지니어
엔지니어링·설계,고압설계 엔지니어
엔지니어링·설계,생산공학 엔지니어
엔지니어링·설계,해양공학자
엔지니어링·설계,금속 공학자
엔지니어링·설계,광산 기술자
엔지니어링·설계,광산 안전 기술자
엔지니어링·설계,선박 공학자
엔지니어링·설계,석유공학 엔지니어
엔지니어링·설계,배관설계 엔지니어
엔지니어링·설계,플라스틱 엔지니어
엔지니어링·설계,저수처리 엔지니어
엔지니어링·설계,터빈공학자
HR,인사담당
HR,리크루터
HR,조직문화
HR,급여담당
HR,HRD
HR,평가·보상
HR,노무·노사
HR,HRBP
HR,헤드헌터
HR,HR 컨설턴트
HR,사내 강사
HR,기술 교육
HR,교사
HR,E-러닝
HR,교수
제조·생산,품질 관리자
제조·생산,생산 관리자
제조·생산,자재관리·구매
제조·생산,기계·설비·설계
제조·생산,공정 관리자
제조·생산,반도체·디스플레이
제조·생산,제조 엔지니어
제조·생산,섬유·의류·패션
제조·생산,제조 테스트 엔지니어
제조·생산,생산직 종사자
제조·생산,안전 관리자
제조·생산,조립 기술자
제조·생산,화학자
제조·생산,기계제작 기술자
의료·제약·바이오,연구원
의료·제약·바이오,임상시험 연구원
의료·제약·바이오,간호사
의료·제약·바이오,생명공학 연구원
의료·제약·바이오,임상병리사
의료·제약·바이오,수의 테크니션
의료·제약·바이오,약학 분석 화학자
의료·제약·바이오,물리 치료사
의료·제약·바이오,미생물학자
의료·제약·바이오,의사
의료·제약·바이오,임상시험 간호사
의료·제약·바이오,작업 치료사
의료·제약·바이오,수의사
의료·제약·바이오,약사
의료·제약·바이오,의무기록사
의료·제약·바이오,치과 위생사
의료·제약·바이오,증례 관리자
의료·제약·바이오,간병인
의료·제약·바이오,조무사
의료·제약·바이오,호흡장애 치료사
의료·제약·바이오,간호 조무사
의료·제약·바이오,치과의사
의료·제약·바이오,검안사
의료·제약·바이오,연구실 기사
의료·제약·바이오,약사 보조원
의료·제약·바이오,유전공학자
의료·제약·바이오,한의사
의료·제약·바이오,방사선사
의료·제약·바이오,병원 코디네이터
의료·제약·바이오,임상심리사
금융,회계담당
금융,재무 담당자
금융,재무 분석가
금융,IR
금융,투자·증권
금융,준법감시인
금융,투자은행가
금융,내부통제 담당자
금융,금융공학자
금융,자산운용가
금융,애널리스트
금융,보험 에이전트
금융,부동산 자산 관리자
금융,부동산 중개사
금융,트레이더
금융,세무사
금융,청구 담당자
금융,공인회계사
금융,손해 사정관
금융,계리사
금융,언더라이터
금융,감정평가사
금융,자산관리사
미디어,콘텐츠 크리에이터
미디어,영상 편집가
미디어,PD
미디어,비디오 제작
미디어,통·번역
미디어,출판 기획자
미디어,"연예,엔터테인먼트"
미디어,에디터
미디어,작가
미디어,사진작가
미디어,콘텐츠 에디터
미디어,큐레이터
미디어,라이센스 관리자
미디어,저널리스트
미디어,음향 엔지니어
미디어,리포터
미디어,사운드 디자이너
미디어,조명 엔지니어
게임 제작,게임 클라이언트 개발자
게임 제작,게임 그래픽 디자이너
게임 제작,게임 기획자
게임 제작,모바일 게임 개발자
게임 제작,게임 아티스트
게임 제작,언리얼 개발자
게임 제작,게임 서버 개발자
게임 제작,게임운영자(GM)
게임 제작,유니티 개발자
물류·무역,물류담당
물류·무역,입·출고 관리자
물류·무역,수출입사무
물류·무역,유통 관리자
물류·무역,무역사무
물류·무역,물류 분석가
물류·무역,배송담당
물류·무역,운송 관리자
물류·무역,웨어하우스
물류·무역,바이어관리·상담·개발
물류·무역,화물트럭 운전기사
물류·무역,항공 운송
물류·무역,해운·해양 운송
물류·무역,지게차 운전사
물류·무역,운전기사
물류·무역,"선적,발송 사무원"
물류·무역,디젤 정비공
물류·무역,운행 관리원
물류·무역,보세사
물류·무역,관세사
물류·무역,원산지관리사
물류·무역,항해사
물류·무역,기관사
법률·법집행기관,법무담당
법률·법집행기관,변호사
법률·법집행기관,인허가(RA) 담당
법률·법집행기관,법무 자문위원
법률·법집행기관,특허담당
법률·법집행기관,변리사
법률·법집행기관,법무사
법률·법집행기관,수사관
법률·법집행기관,보호 관찰관
법률·법집행기관,경찰관
법률·법집행기관,보안요원
법률·법집행기관,경호원
법률·법집행기관,법무관
교육,교재·교육기획
교육,전문강사
교육,자격증·기술전문교육
교육,학원강사
교육,교직원
교육,외국어교육
교육,초·중·고 교사
교육,유치원·보육교사
건설·시설,건축시공·감리
건설·시설,실내건축
건설·시설,유지보수 관리자
건설·시설,현장 소장
건설·시설,견적 기술자
건설·시설,건설 안전·품질·검사
건설·시설,전기 기술자
건설·시설,플랜트 관리자
건설·시설,관리인
건설·시설,인스톨러
건설·시설,건축가
건설·시설,목수
건설·시설,중장비 기술자
건설·시설,정비공
건설·시설,페인터
건설·시설,용접기사
건설·시설,배관공
건설·시설,연관공
건설·시설,측량·계측
식·음료,식품가공·개발
식·음료,식품 MD
식·음료,외식업 종사자
식·음료,요리사
식·음료,레스토랑 관리자
식·음료,영양사
식·음료,메뉴개발
식·음료,제과·제빵사
식·음료,바텐더
식·음료,푸드스타일리스트
식·음료,소믈리에
식·음료,바리스타
공공·복지,환경 전문가
공공·복지,카운셀러
공공·복지,소방관
공공·복지,정보 분석가
공공·복지,인명 구조원
공공·복지,지역 전문가
공공·복지,공무원
공공·복지,직업군인
공공·복지,자원봉사자
공공·복지,사회복지사
공공·복지,응급구조사
공공·복지,요양보호사
정보보호,보안 엔지니어
정보보호,정보보호 담당자
정보보호,정보보호 컨설팅
정보보호,개인정보 담당자
정보보호,보안관제
정보보호,CISO/CPO
정보보호,모의해킹/취약점 진단
